{
    "topMenuList" : [
        {
            "href" : "#" , 
            "src" : "images/loginPassword.png" , 
            "name" : "로그인"
        },
        {
            "href" : "#" , 
            "src" : "https://img.cgv.co.kr/R2014/images/common/ico/loginJoin.png" , 
            "name" : "회원가입"
        },
        {
            "href" : "#" , 
            "src" : "https://img.cgv.co.kr/R2014/images/common/ico/loginMember.png" , 
            "name" : "My CGV"
        },
        {
            "href" : "#" , 
            "src" : "https://img.cgv.co.kr/R2014/images/common/ico/loginCustomer.png" , 
            "name" : "고객센터"
        }
    ],
    "bottomMenuList" : [
        {"name" : "영화"},
        {"name" : "극장"},
        {"name" : "예매"},
        {"name" : "스토어"},
        {"name" : "이벤트"},
        {"name" : "혜택"}
    ]
}