[
        {
            "id" : "001",
            "rank" : "1",
            "img" : "https://image.oliveyoung.co.kr/cfimages/cf-goods/uploads/images/thumbnails/400/10/0000/0021/A00000021395913ko.jpg?l=ko",
            "title" : "메디힐",
            "introduct" : "[1위패드/100+100+14매] 메디힐 마데카소사이드 흔적패드 어워즈 한정기획",
            "price" : "39,900원",
            "salePrice" : "28,900원",
            "isSale" : true,
            "isTicket" : false,
            "isDelivery" : true
        },
        {
            "id" : "002",
            "rank" : "2",
            "img" : "https://image.oliveyoung.co.kr/cfimages/cf-goods/uploads/images/thumbnails/400/10/0000/0021/A00000021392508ko.jpg?l=ko",
            "title" : "에스트라",
            "introduct" : "[올영1등크림] 에스트라 아토베리어365 크림 80ml 어워즈 한정기획 (+30ml+세라-히알 속수분 앰플 3ml)",
            "price" : "33,000원",
            "salePrice" : "26,000원",
            "isSale" : true,
            "isTicket" : true,
            "isDelivery" : true
        },
        {
            "id" : "003",
            "rank" : "3",
            "img" : "https://image.oliveyoung.co.kr/cfimages/cf-goods/uploads/images/thumbnails/400/10/0000/0017/A00000017142380ko.jpg?l=ko",
            "title" : "어노브",
            "introduct" : "[2024 어워즈/3년 연속 1위] 어노브 딥 데미지 헤어 트리트먼트 EX 더블/듀오 기획4종 택1 (텐더블룸/웜페탈)",
            "price" : "42,000원",
            "salePrice" : "29,800원",
            "isSale" : true,
            "isTicket" : false,
            "isDelivery" : true
        },
        {
            "id" : "004",
            "rank" : "4",
            "img" : "https://image.oliveyoung.co.kr/cfimages/cf-goods/uploads/images/thumbnails/400/10/0000/0013/A00000013906380ko.jpg?l=ko",
            "title" : "정샘물",
            "introduct" : "[2024 어워즈/올영쿠션 1위] 정샘물 에센셜 스킨누더 쿠션 어워즈 한정 기획 (글리터팟+립토퍼+물크림 미니)",
            "price" : "45,000원",
            "salePrice" : "36,000원",
            "isSale" : true,
            "isTicket" : false,
            "isDelivery" : true
        },
        {
            "id" : "005",
            "rank" : "5",
            "img" : "https://image.oliveyoung.co.kr/cfimages/cf-goods/uploads/images/thumbnails/400/10/0000/0021/A00000021402112ko.jpg?l=ko",
            "title" : "토리든",
            "introduct" : "[4년 연속 수상]",
            "price" : "50,000원",
            "salePrice" : "33,250원",
            "isSale" : true,
            "isTicket" : false,
            "isDelivery" : false
        },
        {
            "id" : "006",
            "rank" : "6",
            "img" : "https://image.oliveyoung.co.kr/cfimages/cf-goods/uploads/images/thumbnails/400/10/0000/0021/A00000021415406ko.jpg?l=ko",
            "title" : "닥터지",
            "introduct" : "[2024 어워즈 수분크림]",
            "price" : "38,000원",
            "salePrice" : "25,920원",
            "isSale" : false,
            "isTicket" : true,
            "isDelivery" : false
        },
        {
            "id" : "007",
            "rank" : "7",
            "img" : "https://image.oliveyoung.co.kr/cfimages/cf-goods/uploads/images/thumbnails/400/10/0000/0021/A00000021349504ko.jpg?l=ko",
            "title" : "마녀공장",
            "introduct" : "클렌징오일",
            "price" : "42,000원",
            "salePrice" : "29,800원",
            "isSale" : false,
            "isTicket" : true,
            "isDelivery" : true
        },
        {
            "id" : "008",
            "rank" : "8",
            "img" : "https://image.oliveyoung.co.kr/cfimages/cf-goods/uploads/images/thumbnails/400/10/0000/0021/A00000021419126ko.jpg?l=ko",
            "title" : "구달",
            "introduct" : "[2워즈 한정 기획 (글리터팟+립토퍼+물크림 미니)",
            "price" : "45,000원",
            "salePrice" : "36,000원",
            "isSale" : true,
            "isTicket" : false,
            "isDelivery" : true
        }
]
