{
    "bookList" :[
        {
            "img" : "https://image.aladin.co.kr/product/4086/97/cover200/8936434128_2.jpg",
            "title" : "소년이 온다",
            "type" : "inside"
        },
        {
            "img":"https://image.aladin.co.kr/product/27877/5/cover200/8954682154_3.jpg",
            "title":"작별하지 않는다",
            "type" : "inside"
        },
        {
            "img":"https://image.aladin.co.kr/product/29137/2/cover200/8936434594_2.jpg",
            "title":"채식주의자",
            "type" : "outside"
        }
    ],
    "selectList" : [
        {"choose": "소설"},
        {"choose": "과학"},
        {"choose": "만화"},
        {"choose": "에세이"},
        {"choose": "우주"}
    ]
}
