{
    "list": [
        {
            "id" : "1",
            "code" : "system",
            "type" : "[시스템점검]",
            "title" : "iOS 18 업데이트 관련 예매 서비스 이용 안내", 
            "date" : "2024.09.13",
            "hits" : 111964
        },
        {
            "id" : "2",
            "code" : "theater",
            "type" : "[극장]",
            "title" : "강남 CGV 주차장 단속", 
            "date" : "2024.04.03",
            "hits" : 11234
        },
        {
            "id" : "3",
            "code" : "event",
            "type" : "[행사/이벤트]",
            "title" : "나히아 코스프레 행사 예정", 
            "date" : "2024.10.27",
            "hits" : 1512343
        },
        {
            "id" : "4",
            "code" : "connect-event",
            "type" : "[제휴이벤트]",
            "title" : "삼성카드 이용고객 팝콘 무료제공", 
            "date" : "2024.11.20",
            "hits" : 423430
        },
        {
            "id" : "5",
            "code" : "ex",
            "type" : "[기타]",
            "title" : "첫눈 오는 날 영화데이트 하세요", 
            "date" : "2024.11.25",
            "hits" : 63433
        },
        {
            "id" : "6",
            "code" : "system",
            "type" : "[시스템점검]",
            "title" : "iOS 17 업데이트 관련 예매 서비스 이용 안내", 
            "date" : "2023.09.13",
            "hits" : 11964
        },
        {
            "id" : "7",
            "type" : "[극장]",
            "code" : "theater",
            "title" : "플레이브 단독 콘서트 진행", 
            "date" : "2023.04.03",
            "hits" : 11234
        },
        {
            "id" : "8",
            "code" : "event",
            "type" : "[행사/이벤트]",
            "title" : "나히아 코스프레 행사 예정", 
            "date" : "2023.10.27",
            "hits" : 1512343
        },
        {
            "id" : "9",
            "code" : "connect-event",
            "type" : "[제휴이벤트]",
            "title" : "삼성카드 이용고객 팝콘 무료제공", 
            "date" : "2023.11.20",
            "hits" : 423430
        },
        {
            "id" : "10",
            "code" : "ex",
            "type" : "[기타]",
            "title" : "새로나온 민트초코팝콘 드시러 오세요", 
            "date" : "2023.11.25",
            "hits" : 63433
        }
    ]
}









